{"cameraMode":{"drawMode":0,"name":"Shaded","section":"Shading Mode"},"sceneLighting":true,"audioPlay":false,"sceneViewState":{"m_AlwaysRefresh":false,"showFog":true,"showSkybox":true,"showFlares":true,"showImageEffects":true,"showParticleSystems":true,"showVisualEffectGraphs":true,"m_FxEnabled":true},"in2DMode":false,"pivot":{"x":1.6999996900558472,"y":0.4700000286102295,"z":4.710000038146973},"rotation":{"x":0.24769575893878938,"y":-0.5737267732620239,"z":0.18751949071884156,"w":0.7578420639038086},"size":1.6726100444793702,"orthographic":true}