{"cameraMode":{"drawMode":0,"name":"Shaded","section":"Shading Mode"},"sceneLighting":false,"audioPlay":false,"sceneViewState":{"m_AlwaysRefresh":false,"showFog":true,"showSkybox":false,"showFlares":true,"showImageEffects":true,"showParticleSystems":true,"showVisualEffectGraphs":true,"m_FxEnabled":true},"in2DMode":false,"pivot":{"x":1.6999996900558472,"y":0.9124652147293091,"z":15.833000183105469},"rotation":{"x":0.19531716406345368,"y":0.635721743106842,"z":-0.1708645522594452,"w":0.7270498871803284},"size":0.33019810914993288,"orthographic":true}